1,google.com
2,gtld-servers.net
3,cloudflare.com
4,gstatic.com
5,facebook.com
6,microsoft.com
7,googleapis.com
8,youtube.com
9,amazonaws.com
10,apple.com
11,instagram.com
12,mail.ru
13,akamai.net
14,fbcdn.net
15,twitter.com
16,dzen.ru
17,linkedin.com
18,googletagmanager.com
19,live.com
20,googlevideo.com
21,office.com
22,akamaiedge.net
23,akadns.net
24,amazon.com
25,azure.com
26,ezviz7.com
27,googleusercontent.com
28,wikipedia.org
29,github.com
30,domaincontrol.com
31,doubleclick.net
32,bing.com
33,fastly.net
34,microsoftonline.com
35,appsflyersdk.com
36,whatsapp.net
37,apple-dns.net
38,trafficmanager.net
39,office.net
40,netflix.com
41,digicert.com
42,wordpress.org
43,aaplimg.com
44,skype.com
45,sharepoint.com
46,youtu.be
47,ripn.net
48,pinterest.com
49,hicloudcam.com
50,gandi.net
51,whatsapp.com
52,cloudfront.net
53,goo.gl
54,googlesyndication.com
55,x.com
56,yahoo.com
57,cloud.microsoft
58,tiktok.com
59,icloud.com
60,msn.com
61,windowsupdate.com
62,spotify.com
63,gvt1.com
64,adobe.com
65,cloudflare.net
66,vimeo.com
67,ntp.org
68,googledomains.com
69,windows.net
70,chatgpt.com
71,wa.me
72,akam.net
73,tiktokcdn.com
74,myfritz.net
75,roblox.com
76,gvt2.com
77,zoom.us
78,tiktokv.com
79,pv-cdn.net
80,ytimg.com
81,telekom.de
82,qq.com
83,cloudflare-dns.com
84,yandex.net
85,baidu.com
86,nginx.org
87,edgekey.net
88,mozilla.org
89,workers.dev
90,windows.com
91,opera.com
92,nic.ru
93,yandex.ru
94,samsung.com
95,sentry.io
96,google-analytics.com
97,nginx.com
98,edgesuite.net
99,cdninstagram.com
100,wordpress.com